0.0062761506276150965,nan,nan
0.0062761506276150965,nan,nan
0.0062761506276150965,nan,nan
0.0062761506276150965,-0.020052301255230193,-0.07026150627615096
0.0062761506276150965,-0.022552301255230195,-0.07276150627615097
0.0062761506276150965,-0.025052301255230194,-0.07526150627615097
0.0062761506276150965,-0.025104602510460386,-0.07531380753138116
0.0062761506276150965,-0.025104602510460386,-0.07531380753138116
0.0062761506276150965,-0.025104602510460386,-0.07531380753138116
0.0062761506276150965,-0.025104602510460386,-0.07531380753138116
0.0062761506276150965,-0.025104602510460386,-0.07531380753138116
0.0062761506276150965,-0.025104602510460386,-0.07531380753138116
0.0062761506276150965,-0.025104602510460386,-0.07531380753138116
0.0062761506276150965,-0.025104602510460386,-0.07531380753138116
0.0062761506276150965,-0.025104602510460386,-0.07531380753138116
0.0062761506276150965,-0.025104602510460386,-0.07531380753138116
0.0062761506276150965,-0.025104602510460386,-0.07531380753138116
0.0062761506276150965,-0.025104602510460386,-0.07531380753138116
0.0062761506276150965,-0.024037656903766056,-0.07531380753138116
0.0062761506276150965,-0.021537656903766064,-0.07531380753138116
0.0062761506276150965,-0.01903765690376606,-0.07531380753138116
0.0062761506276150965,-0.01882845188284529,-0.07302301255230192
0.0062761506276150965,-0.01882845188284529,-0.07052301255230194
0.0072907949790792315,-0.017813807531381155,-0.06903765690376606
0.009790794979079231,-0.015313807531381155,-0.06903765690376606
0.012290794979079232,-0.012813807531381154,-0.06903765690376606
0.012552301255230193,-0.017029288702928278,-0.07127615062761511
0.012552301255230193,-0.022029288702928265,-0.0737761506276151
0.012552301255230193,-0.026066945606694328,-0.0762761506276151
0.012552301255230193,-0.02856694560669433,-0.0787761506276151
0.012552301255230193,-0.031066945606694325,-0.08127615062761509
0.012552301255230193,-0.02919456066945663,-0.0837761506276151
0.012552301255230193,-0.026694560669456628,-0.08627615062761511
0.012552301255230193,-0.025104602510460386,-0.08786610878661136
0.012552301255230193,-0.025104602510460386,-0.08786610878661136
0.012552301255230193,-0.025104602510460386,-0.08786610878661136
0.012552301255230193,-0.027238493723849042,-0.08786610878661136
0.012552301255230193,-0.029738493723849027,-0.08786610878661136
0.012552301255230193,-0.03223849372384903,-0.08958158995815846
0.012552301255230193,-0.03473849372384903,-0.09458158995815846
0.012552301255230193,-0.03723849372384904,-0.09958158995815847
0.012552301255230193,-0.035575313807532115,-0.09833682008368308
0.012552301255230193,-0.033075313807532106,-0.09583682008368308
0.012552301255230193,-0.030575313807532103,-0.09333682008368308
0.012552301255230193,-0.02807531380753212,-0.09083682008368309
0.012552301255230193,-0.025575313807532116,-0.08833682008368308
0.012552301255230193,-0.02713389121338865,-0.08989539748953962
0.012552301255230193,-0.029633891213388646,-0.09239539748953962
0.012552301255230193,-0.032133891213388645,-0.09489539748953962
0.012552301255230193,-0.034633891213388654,-0.09739539748953963
0.012552301255230193,-0.037133891213388656,-0.09989539748953963
0.014529288702928272,-0.0356799163179925,-0.09844142259414346
0.017029288702928278,-0.03317991631799249,-0.09594142259414346
0.01882845188284529,-0.03138075313807548,-0.09484309623430942
0.01882845188284529,-0.03138075313807548,-0.09734309623430942
0.01882845188284529,-0.03138075313807548,-0.09984309623430943
0.01882845188284529,-0.03330543933054337,-0.10041841004184154
0.01882845188284529,-0.03580543933054337,-0.10041841004184154
0.01817991631799249,-0.03765690376569058,-0.10106694560669434
0.01567991631799249,-0.03765690376569058,-0.10356694560669434
0.0131799163179925,-0.03765690376569058,-0.10606694560669433
0.012552301255230193,-0.039529288702928274,-0.10669456066945664
0.012552301255230193,-0.04202928870292828,-0.10669456066945664
0.012552301255230193,-0.04393305439330568,-0.10669456066945664
0.012552301255230193,-0.04393305439330568,-0.10669456066945664
0.012552301255230193,-0.04393305439330568,-0.10669456066945664
0.012552301255230193,-0.04393305439330568,-0.10669456066945664
0.012552301255230193,-0.04393305439330568,-0.10669456066945664
0.012552301255230193,-0.04393305439330568,-0.10669456066945664
0.012552301255230193,-0.04393305439330568,-0.10669456066945664
0.012552301255230193,-0.04393305439330568,-0.10669456066945664
0.014320083682007503,-0.04216527196652837,-0.10492677824267932
0.01682008368200751,-0.03966527196652836,-0.10242677824267932
0.01882845188284529,-0.03765690376569058,-0.10041841004184154
0.01882845188284529,-0.03765690376569058,-0.10041841004184154
0.01882845188284529,-0.03765690376569058,-0.10041841004184154
0.01882845188284529,-0.03765690376569058,-0.10213389121338864
0.01882845188284529,-0.03765690376569058,-0.10463389121338865
0.01882845188284529,-0.03721757322175857,-0.10669456066945664
0.01882845188284529,-0.034717573221758564,-0.10669456066945664
0.01882845188284529,-0.032217573221758555,-0.10669456066945664
0.01882845188284529,-0.03138075313807548,-0.10336820083682279
0.01882845188284529,-0.03138075313807548,-0.09836820083682278
0.01882845188284529,-0.03099372384937364,-0.09375523012552461
0.01882845188284529,-0.02849372384937364,-0.09125523012552461
0.01882845188284529,-0.025993723849373637,-0.08875523012552461
0.01882845188284529,-0.025104602510460386,-0.08786610878661136
0.01882845188284529,-0.025104602510460386,-0.08786610878661136
0.01882845188284529,-0.025104602510460386,-0.08786610878661136
0.01882845188284529,-0.025104602510460386,-0.08786610878661136
0.01882845188284529,-0.025104602510460386,-0.08786610878661136
0.01882845188284529,-0.023546025104603845,-0.08786610878661136
0.01882845188284529,-0.021046025104603842,-0.08786610878661136
0.019110878661086742,-0.01882845188284529,-0.08786610878661136
0.02161087866108673,-0.01882845188284529,-0.08786610878661136
0.024110878661086722,-0.01882845188284529,-0.08786610878661136
0.025104602510460386,-0.02033472803347162,-0.08786610878661136
0.025104602510460386,-0.022834728033471627,-0.08786610878661136
0.025104602510460386,-0.025104602510460386,-0.08786610878661136
0.025104602510460386,-0.025104602510460386,-0.08786610878661136
0.025104602510460386,-0.025104602510460386,-0.08786610878661136
0.025104602510460386,-0.025104602510460386,-0.08786610878661136
0.025104602510460386,-0.025104602510460386,-0.08786610878661136
0.025104602510460386,-0.025282426778241454,-0.08804393305439243
0.025104602510460386,-0.027782426778241456,-0.09054393305439243
0.025104602510460386,-0.030282426778241424,-0.0930439330543924
0.025104602510460386,-0.032782426778241426,-0.0955439330543924
0.025104602510460386,-0.035282426778241435,-0.09804393305439241
0.025104602510460386,-0.03753138075313972,-0.10029288702929068
0.025104602510460386,-0.03503138075313972,-0.09779288702929068
0.025104602510460386,-0.03253138075313971,-0.09529288702929067
0.025104602510460386,-0.028682008368203935,-0.09414225941422645
0.025104602510460386,-0.023682008368203927,-0.09414225941422645
0.025104602510460386,-0.01882845188284529,-0.09414225941422645
0.025104602510460386,-0.01882845188284529,-0.09414225941422645
0.025104602510460386,-0.01882845188284529,-0.09414225941422645
0.025104602510460386,-0.021422594142256484,-0.09414225941422645
0.025104602510460386,-0.026422594142256492,-0.09414225941422645
0.025104602510460386,-0.03138075313807548,-0.09416317991631695
0.025104602510460386,-0.03138075313807548,-0.09666317991631695
0.025104602510460386,-0.03138075313807548,-0.09916317991631693
0.023859832635985005,-0.030135983263600098,-0.10041841004184154
0.021359832635985013,-0.02763598326360011,-0.10041841004184154
0.018859832635985025,-0.02513598326360012,-0.10041841004184154
0.01882845188284529,-0.027573221757320666,-0.10041841004184154
0.01882845188284529,-0.030073221757320683,-0.10041841004184154
0.01882845188284529,-0.03138075313807548,-0.10041841004184154
0.01882845188284529,-0.03138075313807548,-0.10041841004184154
0.01882845188284529,-0.03138075313807548,-0.10041841004184154
0.01882845188284529,-0.026548117154815226,-0.09800209205021142
0.01882845188284529,-0.021548117154815218,-0.09550209205021142
0.019968619246860327,-0.01882845188284529,-0.09186192468619638
0.022468619246860333,-0.01882845188284529,-0.08686192468619636
0.024968619246860335,-0.01882845188284529,-0.08186192468619635
0.025104602510460386,-0.01173640167364551,-0.07922594142259633
0.025104602510460386,-0.004236401673645583,-0.07672594142259635
0.02619246861924518,0.0021757322175695883,-0.07531380753138116
0.02869246861924518,0.007175732217569595,-0.07531380753138116
0.031192468619245184,0.012175732217569603,-0.07531380753138116
0.033692468619245186,0.014864016736399902,-0.07069037656904174
0.036192468619245195,0.017364016736399906,-0.06569037656904173
0.0386924686192452,0.020899581589954527,-0.06276150627615096
0.04119246861924521,0.025899581589954535,-0.06276150627615096
0.04369246861924521,0.03089958158995454,-0.06276150627615096
0.04845188284518474,0.03815899581589408,-0.05824267782427189
0.05345188284518461,0.04565899581589389,-0.05324267782427203
0.056485355648535865,0.05020920502092077,-0.05217573221756952
0.056485355648535865,0.05020920502092077,-0.057175732217569525
0.056485355648535865,0.05020920502092077,-0.06217573221756953
0.05869246861924515,0.048002092050211484,-0.06276150627615096
0.061192468619245155,0.04550209205021148,-0.06276150627615096
0.06276150627615096,0.04300209205021148,-0.06462343096233936
0.06276150627615096,0.04050209205021148,-0.06962343096233936
0.06276150627615096,0.03800209205021147,-0.07462343096233938
0.06491631799163007,0.035502092050211466,-0.07746861924686027
0.06741631799163009,0.03300209205021146,-0.07996861924686027
0.06991631799163009,0.03138075313807548,-0.08246861924686028
0.07241631799163009,0.03138075313807548,-0.08496861924686029
0.0749163179916301,0.03138075313807548,-0.0874686192468603
0.07951882845187903,0.03138075313807548,-0.0899686192468603
0.08451882845187905,0.03138075313807548,-0.0924686192468603
0.08786610878661136,0.03220711297070933,-0.09579497907949415
0.08786610878661136,0.03470711297070933,-0.10079497907949415
0.08786610878661136,0.03720711297070934,-0.10579497907949416
0.08991631799163012,0.035606694560671816,-0.1087447698744754
0.09241631799163012,0.03310669456067181,-0.1112447698744754
0.09414225941422645,0.029058577405864455,-0.11451882845187908
0.09414225941422645,0.021558577405864445,-0.11951882845187908
0.09414225941422645,0.014058577405864435,-0.12451882845187909
0.09014644351464927,0.006558577405864425,-0.1315167364016677
0.08514644351464926,-0.000941422594135587,-0.1390167364016677
0.08158995815899625,-0.008441422594135597,-0.1443514644351472
0.08158995815899625,-0.015941422594135606,-0.1443514644351472
0.08158995815899625,-0.02344142259413562,-0.1443514644351472
0.07964435146443784,-0.0270502092050188,-0.14824267782426404
0.07714435146443784,-0.0295502092050188,-0.15324267782426407
0.07397489539749465,-0.03271966527196199,-0.15690376569037742
0.06897489539749463,-0.037719665271962,-0.15690376569037742
0.06397489539749462,-0.04271966527196201,-0.15690376569037742
0.06086820083682279,-0.04582635983263385,-0.15501046025104925
0.05836820083682279,-0.04832635983263385,-0.15251046025104925
0.055251046025109704,-0.05144351464434693,-0.15062761506276232
0.0502510460251097,-0.05644351464434694,-0.15062761506276232
0.045251046025109695,-0.06144351464434694,-0.15062761506276232
0.042092050209207685,-0.06460251046024895,-0.15062761506276232
0.039592050209207676,-0.06710251046024897,-0.15062761506276232
0.03652719665272478,-0.06960251046024897,-0.15062761506276232
0.031527196652724826,-0.07210251046024894,-0.15062761506276232
0.026527196652724877,-0.07460251046024892,-0.15062761506276232
0.023315899581592636,-0.07710251046024891,-0.15062761506276232
0.02081589958159263,-0.07960251046024891,-0.15062761506276232
0.01831589958159263,-0.08261506276150157,-0.15062761506276232
0.015815899581592623,-0.08761506276150158,-0.15062761506276232
0.01331589958159262,-0.0926150627615016,-0.15062761506276232
0.010815899581592618,-0.09414225941422645,-0.1523640167363999
0.008315899581592612,-0.09414225941422645,-0.1548640167363999
0.0062761506276150965,-0.09460251046024894,-0.15690376569037742
0.0062761506276150965,-0.09710251046024894,-0.15690376569037742
0.0062761506276150965,-0.09960251046024894,-0.15690376569037742
0.0062761506276150965,-0.09873430962343414,-0.15521966527197
0.0062761506276150965,-0.09623430962343414,-0.15271966527197
0.005868200836822785,-0.09414225941422645,-0.15021966527197
0.0033682008368227812,-0.09414225941422645,-0.14771966527197
0.0008682008368227781,-0.09414225941422645,-0.14521966527197
0.0,-0.0974058577405809,-0.14598326359832445
0.0,-0.1024058577405809,-0.14848326359832445
0.0,-0.10705020920501877,-0.15098326359832445
0.0,-0.10955020920501878,-0.15348326359832445
0.0,-0.11205020920501878,-0.15598326359832446
0.0,-0.11297071129707173,-0.15690376569037742
0.0,-0.11297071129707173,-0.15690376569037742
0.0,-0.11297071129707173,-0.15690376569037742
0.0,-0.11297071129707173,-0.15690376569037742
0.0,-0.11297071129707173,-0.15690376569037742
0.0,-0.11449790794978854,-0.15843096234309423
0.0,-0.11699790794978855,-0.16093096234309423
0.0,-0.11924686192468684,-0.1629288702928908
0.0,-0.11924686192468684,-0.1604288702928908
0.0,-0.11924686192468684,-0.1579288702928908
0.0,-0.11629707112971358,-0.15690376569037742
0.0,-0.11129707112971356,-0.15690376569037742
0.0,-0.1064958158995851,-0.15670502092050587
0.0,-0.10399581589958509,-0.15420502092050586
0.0,-0.10149581589958509,-0.15170502092050586
0.0,-0.09899581589958509,-0.14920502092050586
0.0,-0.09649581589958509,-0.14670502092050586
0.00014644351464136737,-0.09399581589958508,-0.14420502092050586
0.002646443514641371,-0.09149581589958508,-0.14170502092050585
0.005146443514641374,-0.08899581589958508,-0.13920502092050585
0.0062761506276150965,-0.08649581589958508,-0.13670502092050585
0.0062761506276150965,-0.08399581589958506,-0.13420502092050585
0.006182008368203904,-0.08149581589958506,-0.13170502092050582
0.0036820083682039006,-0.07899581589958506,-0.12920502092050581
0.001182008368203897,-0.07649581589958505,-0.1267050209205058
0.0,-0.07399581589958505,-0.12420502092050581
0.0,-0.07149581589958505,-0.12170502092050582
0.0,-0.06899581589958505,-0.11920502092050582
0.0,-0.06649581589958505,-0.11670502092050582
0.0,-0.06399581589958503,-0.1142050209205058
0.0,-0.06149581589958503,-0.1117050209205058
0.0,-0.058995815899585094,-0.10920502092050587
0.0,-0.05649581589958509,-0.10670502092050586
-0.007468619246852247,-0.056485355648535865,-0.10171548117155514
-0.014968619246852175,-0.056485355648535865,-0.09671548117155519
-0.022468619246852145,-0.05769874476987148,-0.08686192468621275
-0.029968619246852155,-0.060198744769871484,-0.07186192468621272
-0.037468619246852165,-0.06269874476987149,-0.05686192468621269
-0.04496861924685217,-0.057887029288709896,-0.046736401673653734
-0.052468619246852186,-0.05288702928870989,-0.03673640167365372
-0.059968619246852234,-0.04788702928870986,-0.026736401673653654
-0.06746861924685232,-0.0428870292887098,-0.016736401673653534
-0.07496861924685243,-0.03788702928870974,-0.006736401673653407
-0.10154811715477556,-0.032887029288709776,0.02949790794974091
-0.1290481171547753,-0.027887029288709828,0.06699790794974056
-0.127719665272018,-0.020669456066959264,0.07345188284523271
-0.09021966527201754,-0.01066945606695914,0.040951882845232296
-0.052719665272017074,-0.000669456066959017,0.008451882845231878
-0.017552301255277604,0.006997907949780678,-0.021715481171507615
0.017447698744722073,0.014497907949780606,-0.05171548117150733
0.053504184100367155,0.019884937238490392,-0.08594142259408774
0.09100418410036762,0.022384937238490426,-0.12594142259408825
0.1285041841003681,0.024884937238490456,-0.16594142259408873
0.16372384937233775,0.025104602510460386,-0.20366108786605838
0.19872384937233742,0.025104602510460386,-0.241161087866058
0.2337238493723374,0.022092050209215598,-0.27765690376564306
0.26872384937233784,0.014592050209215505,-0.31265690376564353
0.30372384937233826,0.007092050209215411,-0.34765690376564395
0.3610041841003368,-0.0070920502091841656,-0.3826569037656437
0.4210041841003362,-0.02209205020918402,-0.41765690376564335
0.4419769874477616,-0.039947698744738074,-0.4488493723849041
0.399476987447762,-0.062447698744737865,-0.4738493723849038
0.3569769874477624,-0.08494769874473765,-0.49884937238490357
0.3318828451883189,-0.10309623430959863,-0.49774058577406843
0.3093828451883186,-0.12059623430959886,-0.49274058577406843
0.2886820083682276,-0.1362970711296898,-0.48414225941425015
0.27118200836822776,-0.1487970711296897,-0.4691422594142503
0.25368200836822796,-0.16129707112968958,-0.45414225941425046
0.22344142259419117,-0.1759205020920291,-0.4306485355648926
0.19094142259419078,-0.19092050209202932,-0.4056485355648922
0.159288702928915,-0.19914225941423433,-0.38064853556489214
0.12928870292891528,-0.19414225941423438,-0.35564853556489234
0.09928870292891558,-0.18914225941423443,-0.3306485355648926
0.0858577405857894,-0.1820711297071251,-0.30979079497911094
0.07585774058578929,-0.17457112970712502,-0.2897907949791107
0.06506276150629502,-0.16389121338914814,-0.26820083682012213
0.05256276150629513,-0.1463912133891483,-0.2432008368201224
0.04006276150629526,-0.12889121338914847,-0.21820083682012262
0.035638075313811496,-0.1134100418410274,-0.20329497907951785
0.03313807531381146,-0.09841004184102722,-0.1907949790795177
0.032866108786603274,-0.08489539748955577,-0.17755230125525442
0.03786610878660323,-0.07489539748955586,-0.16255230125525455
0.042866108786603185,-0.06489539748955594,-0.1475523012552547
0.04393305439330568,-0.054895397489555874,-0.13845188284520088
0.04393305439330568,-0.04489539748955575,-0.1309518828452008
0.04393305439330568,-0.03558577405858941,-0.12345188284520076
0.04393305439330568,-0.028085774058589485,-0.11595188284520083
0.04393305439330568,-0.020585774058589558,-0.10845188284520091
0.04393305439330568,-0.016914225941426695,-0.10478033472803804
0.04393305439330568,-0.014414225941426662,-0.10228033472803802
0.04393305439330568,-0.011276150627623098,-0.099780334728038
0.04393305439330568,-0.006276150627623146,-0.09728033472803801
0.04393305439330568,-0.0012761506276231932,-0.09478033472803804
0.0457949790794941,0.0,-0.09414225941422645
0.04829497907949413,0.0,-0.09414225941422645
0.05020920502092077,0.0,-0.09472803347279983
0.05020920502092077,0.0,-0.0972280334727998
0.05020920502092077,0.0,-0.09972803347279978
0.052018828451879016,0.0018096234309582446,-0.0986087866108833
0.054518828451879046,0.004309623430958275,-0.09610878661088328
0.056485355648535865,0.0062761506276150965,-0.09414225941422645
0.056485355648535865,0.0062761506276150965,-0.09414225941422645
0.056485355648535865,0.0062761506276150965,-0.09414225941422645
0.056485355648535865,0.008033472803343166,-0.09765690376568259
0.056485355648535865,0.010533472803343196,-0.10265690376568265
0.056485355648535865,0.011589958159004144,-0.10717573221756967
0.056485355648535865,0.006589958159004192,-0.10967573221756964
0.056485355648535865,0.0015899581590042393,-0.11217573221756962
0.056485355648535865,0.0,-0.11297071129707173
0.056485355648535865,0.0,-0.11297071129707173
0.05734309623430157,0.0,-0.11297071129707173
0.06234309623430152,0.0,-0.11297071129707173
0.06734309623430147,0.0,-0.11297071129707173
0.06903765690376606,0.0,-0.11297071129707173
0.06903765690376606,0.0,-0.11297071129707173
0.06903765690376606,0.00037656903765254535,-0.11297071129707173
0.06903765690376606,0.0028765690376525766,-0.11297071129707173
0.06903765690376606,0.005376569037652608,-0.11297071129707173
0.06903765690376606,0.0062761506276150965,-0.11137029288703422
0.06903765690376606,0.0062761506276150965,-0.10887029288703425
0.06936192468618843,0.0069246861924598365,-0.10669456066945664
0.07186192468618846,0.011924686192459899,-0.10669456066945664
0.07436192468618849,0.01692468619245996,-0.10669456066945664
0.07531380753138116,0.017280334728037958,-0.10979079497907131
0.07531380753138116,0.01478033472803798,-0.11479079497907126
0.07531380753138116,0.012280334728037998,-0.11924686192468684
0.07531380753138116,0.009780334728037968,-0.11924686192468684
0.07531380753138116,0.007280334728037937,-0.11924686192468684
0.07680962343095832,0.004780334728037938,-0.120742677824264
0.07930962343095829,0.0022803347280379617,-0.12324267782426396
0.08158995815899625,0.0,-0.12552301255230192
0.08158995815899625,0.0,-0.12552301255230192
0.08158995815899625,0.0,-0.12552301255230192
0.08158995815899625,0.0,-0.12696652719664892
0.08158995815899625,0.0,-0.1294665271966489
0.08175732217572809,0.00016736401673184324,-0.13179916317991702
0.08425732217572814,0.0026673640167318743,-0.13179916317991702
0.08675732217572817,0.005167364016731906,-0.13179916317991702
0.08925732217572817,0.007667364016731906,-0.1304079497908002
0.09175732217572814,0.010167364016731881,-0.12790794979080022
0.09414225941422645,0.012667364016731861,-0.12552301255230192
0.09414225941422645,0.015167364016731893,-0.12552301255230192
0.09414225941422645,0.017667364016731923,-0.12552301255230192
0.09548117154811295,0.020167364016731786,-0.12552301255230192
0.09798117154811292,0.02266736401673176,-0.12552301255230192
0.1004811715481129,0.02516736401673174,-0.12546025104603056
0.10298117154811293,0.02766736401673177,-0.12296025104603053
0.10548117154811296,0.0301673640167318,-0.12046025104603052
0.10669456066945664,0.0326673640167318,-0.11924686192468684
0.10669456066945664,0.03516736401673178,-0.11924686192468684
0.10669456066945664,0.037677824267772934,-0.11922594142260448
0.10669456066945664,0.042677824267772994,-0.11422594142260442
0.10669456066945664,0.04767782426777306,-0.10922594142260435
0.10792887029288278,0.052677824267773066,-0.10546025104603049
0.11042887029288276,0.057677824267773015,-0.10296025104603052
0.11292887029288273,0.06267782426777296,-0.10046025104603054
0.11542887029288276,0.06767782426777302,-0.09550209205021948
0.1179288702928828,0.0726778242677731,-0.09050209205021942
0.12042887029288281,0.07649581589957713,-0.08786610878661136
0.12292887029288277,0.0789958158995771,-0.08786610878661136
0.12542887029288274,0.08149581589957708,-0.08786610878661136
0.12792887029288277,0.08640167364015797,-0.08305439330544964
0.1304288702928828,0.09140167364015803,-0.07805439330544958
0.13292887029288283,0.09866108786608965,-0.07418410041841536
0.1354288702928828,0.10866108786608955,-0.07168410041841539
0.13792887029288278,0.11866108786608945,-0.06918410041841541
0.14042887029288276,0.12395397489538809,-0.06668410041841544
0.14292887029288273,0.12895397489538804,-0.06418410041841545
0.1443514644351472,0.13287656903765255,-0.06060669456067994
0.1443514644351472,0.13537656903765258,-0.05560669456067988
0.1443514644351472,0.1378765690376526,-0.05060669456067982
0.14665271966526766,0.14267782426777303,-0.04560669456067986
0.14915271966526764,0.14767782426777298,-0.040606694560679904
0.15165271966526764,0.15062761506276232,-0.039707112970701244
0.1541527196652677,0.15062761506276232,-0.04470711297070131
0.15665271966526773,0.15062761506276232,-0.04970711297070137
0.15690376569037742,0.15512552301254287,-0.047960251046030494
0.15690376569037742,0.16012552301254282,-0.04546025104603052
0.15690376569037742,0.16512552301254282,-0.04296025104603052
0.15690376569037742,0.17012552301254288,-0.04046025104603049
0.15690376569037742,0.17512552301254297,-0.03796025104603046
0.15910041841003753,0.17792887029288282,-0.03326359832637037
0.1616004184100375,0.1804288702928828,-0.02826359832637041
0.1631799163179925,0.18292887029288277,-0.025104602510460386
0.1631799163179925,0.18542887029288282,-0.025104602510460386
0.1631799163179925,0.18792887029288285,-0.025104602510460386
0.16532426778242243,0.19042887029288283,-0.02296025104603045
0.16782426778242243,0.1929288702928828,-0.020460251046030477
0.1694560669456076,0.19542887029288278,-0.01882845188284529
0.1694560669456076,0.19792887029288284,-0.01882845188284529
0.1694560669456076,0.20042887029288287,-0.01882845188284529
0.1694560669456076,0.20292887029288284,-0.01673640167364553
0.1694560669456076,0.20542887029288284,-0.014236401673645555
0.16864016736402299,0.20629707112971357,-0.012552301255230193
0.16614016736402293,0.20379707112971351,-0.012552301255230193
0.1636401673640229,0.20129707112971348,-0.012552301255230193
0.16114016736402292,0.2008368200836831,-0.010512552301260608
0.15864016736402295,0.2008368200836831,-0.008012552301260634
0.1553765690376685,0.20007322175732864,-0.00551255230126064
0.15037656903766844,0.19757322175732858,-0.003012552301260609
0.14537656903766835,0.19507322175732855,-0.0005125523012605776
0.1423640167364078,0.19058577405858917,-0.00198744769873941
0.13986401673640783,0.18558577405858923,-0.004487447698739386
0.13665271966528356,0.18129707112971352,-0.0062761506276150965
0.1316527196652835,0.1787970711297135,-0.0062761506276150965
0.1266527196652834,0.17629707112971346,-0.0062761506276150965
0.12165271966528345,0.17186192468620423,-0.0062761506276150965
0.1166527196652835,0.16686192468620428,-0.0062761506276150965
0.1116527196652838,0.1612029288703106,-0.00561715481172113
0.10665271966528374,0.1537029288703105,-0.0031171548117210988
0.10165271966528368,0.14620292887031042,-0.0006171548117210679
0.09476987447700477,0.14058577405858935,0.0
0.08726987447700485,0.1355857740585894,0.0
0.08098326359833247,0.13058577405858945,0.0
0.07848326359833244,0.1255857740585894,0.0
0.0759832635983324,0.12058577405858932,0.0
0.06982217573223491,0.11558577405858934,0.003661087866097496
0.06232217573223498,0.11058577405858938,0.008661087866097449
0.05537656903766866,0.10724895397489025,0.012552301255230193
0.05037656903766871,0.10974895397489022,0.012552301255230193
0.04537656903766876,0.1122489539748902,0.012552301255230193
0.04037656903766873,0.11119246861925326,0.01610878661086714
0.03537656903766866,0.10869246861925323,0.0211087866108672
0.03087866108787205,0.1061924686192532,0.025606694560663813
0.028378661087872077,0.10369246861925323,0.028106694560663788
0.025878661087872103,0.10119246861925325,0.030606694560663762
0.021652719665283787,0.10214435146442984,0.03483263598325208
0.016652719665283727,0.10464435146442987,0.039832635983252145
0.012102510460256939,0.10669456066945664,0.04438284518827893
0.009602510460256963,0.10669456066945664,0.046882845188278906
0.007102510460256986,0.10669456066945664,0.04938284518827888
0.0062761506276150965,0.10836820083681475,0.053556485355637014
0.0062761506276150965,0.11086820083681478,0.058556485355637074
0.005878661087872016,0.11336820083681481,0.06315899581589404
0.00337866108787204,0.11586820083681479,0.06565899581589402
0.000878661087872064,0.11836820083681478,0.068158995815894
0.0,0.11924686192468684,0.06903765690376606
0.0,0.11924686192468684,0.06903765690376606
0.0,0.11924686192468684,0.06972803347279187
0.0,0.11924686192468684,0.07472803347279183
0.0,0.11924686192468684,0.07972803347279178
-0.001569037656897772,0.11924686192468684,0.08002092050209848
-0.004069037656897803,0.11924686192468684,0.07752092050209845
-0.0062761506276150965,0.11866108786612137,0.07502092050209842
-0.0062761506276150965,0.11366108786612142,0.07252092050209845
-0.0062761506276150965,0.10866108786612147,0.07002092050209847
-0.0062761506276150965,0.10669456066945664,0.06903765690376606
-0.0062761506276150965,0.10669456066945664,0.06903765690376606
-0.0062761506276150965,0.1069351464435092,0.06903765690376606
-0.0062761506276150965,0.10943514644350917,0.06903765690376606
-0.0062761506276150965,0.11193514644350915,0.06903765690376606
-0.0062761506276150965,0.11150627615063431,0.06903765690376606
-0.0062761506276150965,0.10900627615063428,0.06903765690376606
-0.0062761506276150965,0.10650627615063425,0.06884937238494368
-0.0062761506276150965,0.10400627615063428,0.0663493723849437
-0.0062761506276150965,0.1015062761506343,0.06384937238494372
-0.0062761506276150965,0.10041841004184154,0.06276150627615096
-0.0062761506276150965,0.10041841004184154,0.06276150627615096
-0.0062761506276150965,0.10041841004184154,0.06276150627615096
-0.0062761506276150965,0.10041841004184154,0.06276150627615096
-0.0062761506276150965,0.10041841004184154,0.06276150627615096
-0.004916317991638027,0.09905857740586448,0.06004184100419682
-0.0024163179916379955,0.09655857740586445,0.05504184100419676
0.0,0.09414225941422645,0.05020920502092077
0.0,0.09414225941422645,0.05020920502092077
0.0,0.09414225941422645,0.05020920502092077
0.0,0.09283472803347956,0.05020920502092077
0.0,0.09033472803347953,0.05020920502092077
0.0,0.08789748953974322,0.05020920502092077
0.0,0.09039748953974319,0.05020920502092077
0.0,0.09289748953974317,0.05020920502092077
0.0,0.09163179916319329,0.04895397489540419
0.0,0.08663179916319322,0.04645397489540416
0.0,0.08163179916319316,0.04395397489540413
0.0,0.08158995815899625,0.03897489539750263
0.0,0.08158995815899625,0.033974895397502675
-0.001202928870286378,0.08038702928870987,0.030177824267789102
-0.003702928870286354,0.0778870292887099,0.027677824267789128
-0.00620292887028633,0.07538702928870993,0.025177824267789153
-0.0038493723849438335,0.07046025104603863,0.022677824267789123
-0.0013493723849438023,0.06546025104603856,0.020177824267789093
-0.0011506276150562034,0.06276150627615096,0.017677824267789084
-0.0036506276150561796,0.06276150627615096,0.01517782426778911
-0.006150627615056156,0.06276150627615096,0.012677824267789134
-0.0039016736401740093,0.06276150627615096,0.012552301255230193
-0.001401673640173978,0.06276150627615096,0.012552301255230193
0.0,0.06276150627615096,0.013650627615056221
0.0,0.06276150627615096,0.016150627615056198
0.0,0.06276150627615096,0.018650627615056176
0.0,0.06508368200836187,0.021150627615056202
0.0,0.06758368200836191,0.023650627615056232
0.0,0.06799163179917019,0.024058577405864506
0.0,0.06549163179917016,0.021558577405864476
0.0,0.06299163179917011,0.019058577405864446
0.0,0.06276150627615096,0.016558577405864465
0.0,0.06276150627615096,0.014058577405864489
0.0,0.06276150627615096,0.012552301255230193
0.0,0.06276150627615096,0.012552301255230193
0.0,0.06276150627615096,0.012552301255230193
0.0,0.06497907949790148,0.014769874476980704
0.0,0.06747907949790145,0.01726987447698068
0.0,0.06809623430963066,0.01882845188284529
0.0,0.06559623430963056,0.01882845188284529
0.0,0.06309623430963048,0.01882845188284529
0.0,0.06276150627615096,0.020993723849365764
0.0,0.06276150627615096,0.023493723849365742
0.0,0.06365062761505628,0.025104602510460386
0.0,0.06615062761505627,0.025104602510460386
0.0,0.06865062761505625,0.025104602510460386
0.0,0.06903765690376606,0.02299163179917022
0.0,0.06903765690376606,0.020491631799170247
0.0,0.06820083682009101,0.01882845188284529
0.0,0.06570083682009092,0.01882845188284529
0.0,0.06320083682009082,0.01882845188284529
0.0,0.0586401673640307,0.01676778242678516
0.0,0.05364016736403075,0.014267782426785187
0.0,0.05177824267781074,0.012552301255230193
0.0,0.05677824267781069,0.012552301255230193
0.0,0.06177824267781064,0.012552301255230193
0.0,0.06075313807532114,0.012552301255230193
0.0,0.05825313807532117,0.012552301255230193
-0.0007322175732147021,0.05575313807532116,0.01108786610880079
-0.003232217573214789,0.053253138075321074,0.006087866108800615
-0.005732217573214875,0.05075313807532099,0.0010878661088004424
-0.0062761506276150965,0.048253138075320993,0.0
-0.0062761506276150965,0.04575313807532102,0.0
-0.0062761506276150965,0.04393305439330568,0.0006799163179846341
-0.0062761506276150965,0.04393305439330568,0.00317991631798461
-0.0062761506276150965,0.04393305439330568,0.005679916317984586
-0.004372384937245631,0.04393305439330568,0.0062761506276150965
-0.0018723849372456547,0.04393305439330568,0.0062761506276150965
-0.0006276150627543209,0.04330543933055136,0.005020920502106454
-0.003127615062754297,0.04080543933055138,2.092050210650287e-05
-0.005627615062754273,0.0383054393305514,-0.0049790794978934495
-0.0062761506276150965,0.035805439330551345,-0.00812761506275433
-0.0062761506276150965,0.03330543933055126,-0.010627615062754416
-0.0062761506276150965,0.03138075313807548,-0.011976987447705909
-0.0062761506276150965,0.03138075313807548,-0.00947698744770593
-0.0062761506276150965,0.03138075313807548,-0.006976987447705955
-0.00447698744770598,0.03138075313807548,-0.008075313807524213
-0.0019769874477060037,0.03138075313807548,-0.01057531380752419
-0.0005230125522939722,0.030857740585781508,-0.012552301255230193
-0.0030230125522939483,0.028357740585781534,-0.012552301255230193
-0.005523012552293924,0.02585774058578156,-0.012552301255230193
-0.0062761506276150965,0.025104602510460386,-0.014299163179909074
-0.0062761506276150965,0.025104602510460386,-0.01679916317990916
-0.0062761506276150965,0.025104602510460386,-0.01882845188284529
-0.0062761506276150965,0.025104602510460386,-0.01882845188284529
-0.0062761506276150965,0.025104602510460386,-0.01882845188284529
-0.0062761506276150965,0.025104602510460386,-0.01882845188284529
-0.0062761506276150965,0.025104602510460386,-0.01882845188284529
-0.0062761506276150965,0.025104602510460386,-0.018410041841011665
-0.0062761506276150965,0.025104602510460386,-0.01591004184101169
-0.0062761506276150965,0.025104602510460386,-0.013410041841011713
-0.007918410041833624,0.026746861924678914,-0.01419456066944872
-0.01041841004183371,0.029246861924679,-0.016694560669448806
-0.012186192468626605,0.03138075313807548,-0.018096234309638113
-0.009686192468626629,0.03138075313807548,-0.01309623430963816
-0.007186192468626653,0.03138075313807548,-0.00809623430963821
-0.0062761506276150965,0.034560669456052316,-0.004686192468626677
-0.0062761506276150965,0.03956066945605227,-0.002186192468626701
-0.006589958158988371,0.0436192468619324,0.0003138075313732747
-0.009089958158988347,0.041119246861932426,0.0028138075313732507
-0.011589958158988323,0.03861924686193245,0.005313807531373227
-0.014089958158988367,0.03765690376569058,0.00781380753137327
-0.016589958158988453,0.03765690376569058,0.010313807531373356
-0.01882845188284529,0.038179916317977056,0.012552301255230193
-0.01882845188284529,0.04317991631797701,0.012552301255230193
-0.01882845188284529,0.048179916317976405,0.012552301255230193
-0.017343096234317498,0.04872384937239298,0.0110669456067024
-0.01484309623431752,0.046223849372393,0.008566945606702424
-0.012552301255230193,0.043514644351480385,0.0060669456067024485
-0.012552301255230193,0.03851464435148043,0.003566945606702472
-0.012552301255230193,0.03351464435148047,0.001066945606702496
-0.012552301255230193,0.03138075313807548,0.0
-0.012552301255230193,0.03138075313807548,0.0
-0.01239539748954758,0.03169456066944071,0.0
-0.009895397489547604,0.03669456066944066,0.0
-0.007395397489547628,0.04169456066944061,0.0
-0.0062761506276150965,0.04393305439330568,0.0
-0.0062761506276150965,0.04393305439330568,0.0
-0.0062761506276150965,0.04393305439330568,0.0
-0.0062761506276150965,0.04393305439330568,0.0
-0.0062761506276150965,0.04393305439330568,0.0
-0.0062761506276150965,0.04393305439330568,0.0013284518828371311
-0.0062761506276150965,0.04393305439330568,0.003828451882837107
-0.0062761506276150965,0.04393305439330568,0.0062761506276150965
-0.0062761506276150965,0.04393305439330568,0.0062761506276150965
-0.0062761506276150965,0.04393305439330568,0.0062761506276150965
-0.0062761506276150965,0.04648535564851987,0.0075523012552221915
-0.0062761506276150965,0.05148535564851982,0.010052301255222168
-0.0062761506276150965,0.05648535564851977,0.012552301255222144
-0.0012761506276312423,0.06148535564851972,0.012552301255230193
0.00372384937236871,0.06648535564851968,0.012552301255230193
0.0062761506276150965,0.07148535564851963,0.014999999999983757
0.0062761506276150965,0.07648535564851958,0.01999999999998371
0.0062761506276150965,0.08148535564851953,0.02499999999998366
0.00872384937237682,0.08403765690375797,0.027552301255222105
0.011223849372376905,0.08653765690375807,0.03005230125522219
0.012552301255230193,0.09138075313805159,0.033723849372368976
0.012552301255230193,0.09888075313805152,0.03872384937236893
0.012552301255230193,0.10638075313805144,0.04372384937236888
0.014947698744761772,0.10429916317992506,0.041537656903774096
0.017447698744761746,0.10179916317992509,0.03903765690377412
0.01882845188284529,0.10041841004184154,0.03653765690377415
0.01882845188284529,0.10041841004184154,0.034037656903774166
0.01882845188284529,0.10041841004184154,0.03153765690377419
0.023514644351448025,0.10041841004184154,0.026694560669472744
0.028514644351448196,0.10041841004184154,0.021694560669472573
0.03138075313807548,0.09828451882846875,0.01776150627615889
0.03138075313807548,0.0932845188284688,0.015261506276158916
0.03138075313807548,0.08828451882846886,0.012761506276158938
0.03367154811714671,0.09473849372382505,0.012552301255230193
0.036171548117146686,0.10223849372382497,0.012552301255230193
0.03968619246860275,0.10770920502091272,0.012552301255230193
0.0446861924686027,0.11020920502091269,0.012552301255230193
0.049686192468602654,0.11270920502091267,0.012552301255230193
0.05244769874476179,0.11520920502091275,0.010313807531389177
0.05494769874476187,0.11770920502091284,0.007813807531389091
0.05744769874476191,0.11828451882846079,0.005313807531389048
0.059947698744761885,0.1157845188284608,0.0028138075313890714
0.06244769874476186,0.11328451882846083,0.0003138075313890952
0.06276150627615096,0.10859832635984998,-0.004372384937221761
0.06276150627615096,0.10359832635985003,-0.009372384937221713
0.06185146443515522,0.09768828451885433,-0.014372384937221665
0.059351464435155245,0.09018828451885441,-0.01937238493722162
0.05685146443515527,0.08268828451885447,-0.024372384937221568
0.054351464435155206,0.07732217573223493,-0.025104602510460386
0.05185146443515512,0.07232217573223476,-0.025104602510460386
0.048493723849389374,0.06817991631800037,-0.025104602510460386
0.04349372384938942,0.06567991631800038,-0.025104602510460386
0.03849372384938947,0.0631799163180004,-0.025104602510460386
0.035575313807540046,0.06276150627615096,-0.023023012552309853
0.03307531380754007,0.06276150627615096,-0.02052301255230988
0.029769874477004705,0.06115062761508019,-0.0180230125523099
0.024769874477004756,0.05615062761508023,-0.015523012552309926
0.019769874477004803,0.05115062761508028,-0.01302301255230995
0.014769874477004851,0.04817991631800055,-0.008493723849389755
0.0097698744770049,0.04567991631800058,-0.003493723849389804
0.004016736401699774,0.04317991631800057,0.0
-0.003483263598300486,0.040679916318000484,0.0
-0.010983263598300746,0.0381799163180004,0.0
-0.014529288702920376,0.03172594142262003,-0.003953974895380366
-0.01702928870292035,0.024225941422620103,-0.008953974895380318
-0.01952928870292033,0.01882845188284529,-0.011150627615080115
-0.022029288702920303,0.01882845188284529,-0.0061506276150801635
-0.02452928870292028,0.01882845188284529,-0.001150627615080212
-0.027029288702920255,0.01882845188284529,0.0
-0.02952928870292023,0.01882845188284529,0.0
-0.03138075313807548,0.018179916318000536,0.0
-0.03138075313807548,0.015679916318000447,0.0
-0.03138075313807548,0.013179916318000362,0.0
-0.03138075313807548,0.012552301255230193,-0.005617154811689503
-0.03138075313807548,0.012552301255230193,-0.01311715481168943
-0.03197698744769017,0.011956066945615504,-0.01703974895400122
-0.03447698744769015,0.009456066945615528,-0.009539748954001292
-0.036976987447690124,0.0069560669456155515,-0.002039748954001365
-0.03765690376569058,0.008096234309614618,0.0
-0.03765690376569058,0.010596234309614594,0.0
-0.03765690376569058,0.012008368200845792,0.0
-0.03765690376569058,0.009508368200845706,0.0
-0.03765690376569058,0.007008368200845619,0.0
-0.03765690376569058,0.0045083682008456106,-0.0017677824267694857
-0.03765690376569058,0.0020083682008456352,-0.004267782426769461
-0.03814853556484492,0.0,-0.0057845188284607555
-0.0406485355648449,0.0,-0.0032845188284607793
-0.043148535564844874,0.0,-0.0007845188284608031
-0.04393305439330568,0.0,0.0
-0.04393305439330568,0.0,0.0
-0.04393305439330568,0.0,0.0
-0.04393305439330568,0.0,0.0
-0.04393305439330568,0.0,0.0
-0.04559623430961481,0.0,0.0
-0.04809623430961479,0.0,0.0
-0.04982217573222678,0.00038702928869399227,0.0
-0.04732217573222681,0.002887029288693968,0.0
-0.04482217573222683,0.005387029288693944,0.0
-0.04393305439330568,0.00788702928869392,0.0016108786610788237
-0.04393305439330568,0.010387029288693896,0.0041108786610787994
-0.04393305439330568,0.011882845188302805,0.005941422594151403
-0.04393305439330568,0.006882845188302632,0.003441422594151316
-0.04393305439330568,0.001882845188302458,0.000941422594151229
-0.04393305439330568,0.0,0.0
-0.04393305439330568,0.0,0.0
-0.04393305439330568,0.0002824267782336435,0.0
-0.04393305439330568,0.0027824267782336196,0.0
-0.04393305439330568,0.005282426778233595,0.0
-0.0424267782426872,0.0062761506276150965,0.0
-0.03992677824268723,0.0062761506276150965,0.0
-0.03765690376569058,0.0062761506276150965,-0.00023012552300333036
-0.03765690376569058,0.0062761506276150965,-0.0027301255230033064
-0.03765690376569058,0.0062761506276150965,-0.005230125523003283
-0.03765690376569058,0.004822175732226871,-0.007730125523003322
-0.03765690376569058,0.0023221757322267837,-0.01023012552300341
-0.03765690376569058,0.0,-0.012552301255230193
-0.03765690376569058,0.0,-0.012552301255230193
-0.03765690376569058,0.0,-0.012552301255230193
-0.03905857740584843,-0.0014016736401578486,-0.012552301255230193
-0.0415585774058484,-0.003901673640157825,-0.012552301255230193
-0.04418410041839109,-0.0064016736401578,-0.012301255230144786
-0.04918410041839104,-0.008901673640157776,-0.007301255230144832
-0.05418410041839099,-0.011401673640157753,-0.002301255230144881
-0.061882845188246244,-0.012552301255230193,0.005397489539710381
-0.07188284518824659,-0.012552301255230193,0.015397489539710728
-0.08180962343093426,-0.012405857740604856,0.02532426778239839
-0.08930962343093418,-0.007405857740604904,0.03282426778239832
-0.09680962343093412,-0.0024058577406049515,0.040324267782398254
-0.10301255230123654,0.0025941422593949996,0.05041841004179318
-0.10801255230123649,0.007594142259394952,0.06291841004179305
-0.11292887029290702,0.012635983263559613,0.07552301255220471
-0.10792887029290707,0.02263598326355952,0.10052301255220447
-0.10292887029290712,0.03263598326355942,0.12552301255220424
-0.08548117154823465,0.042635983263559545,0.12064853556499075
-0.0554811715482336,0.052635983263559886,0.08564853556498953
-0.025481171548232567,0.06263598326356024,0.05064853556498833
0.01192468619232405,0.06769874476985555,0.013179916318136337
0.049424686192323694,0.07269874476985551,-0.024320083681863308
0.08811715481156049,0.08008368200832976,-0.06062761506262579
0.1281171548115601,0.09008368200832967,-0.09562761506262546
0.1681171548115597,0.10008368200832957,-0.1306276150626251
0.20328451882831536,0.09800209205021956,-0.1632112970710028
0.23828451882831503,0.09550209205021959,-0.1957112970710025
0.2721443514643085,0.0895815899581989,-0.2304916317990166
0.3046443514643096,0.07958158995819856,-0.2679916317990179
0.33714435146431077,0.0695815899581982,-0.3054916317990192
0.38855648535544607,0.050125523012630485,-0.3429916317990189
0.4410564853554456,0.030125523012630682,-0.38049163179901857
0.4478661087868194,0.012301255230184476,-0.4060251046024734
0.3953661087868199,-0.002698744769815381,-0.4160251046024733
0.34286610878682044,-0.017698744769815238,-0.42602510460247317
0.3204184100419221,-0.03269874476981509,-0.41984309623434163
0.3004184100419223,-0.04769874476981494,-0.41234309623434173
0.27731171548128253,-0.06476987447690814,-0.40173640167370206
0.2498117154812816,-0.08476987447690884,-0.38673640167370155
0.22231171548128065,-0.10476987447690952,-0.37173640167370103
0.1902928870294176,-0.11799163179911464,-0.3770711297070855
0.1577928870294179,-0.13049163179911452,-0.3845711297070854
0.13119246861931697,-0.13709205020921567,-0.37043933054412337
0.11369246861931712,-0.1345920502092157,-0.3229393305441238
0.09619246861931728,-0.13209205020921572,-0.2754393305441243
0.08310669456072002,-0.12076359832641059,-0.25221757322183885
0.07060669456072013,-0.10826359832641072,-0.23221757322183906
0.061830543933064815,-0.09576359832641085,-0.2131485355649254
0.05933054393306484,-0.08326359832641096,-0.19564853556492556
0.056830543933064866,-0.07076359832641109,-0.17814853556492574
0.05864016736400693,-0.05826359832641073,-0.16711297071133843
0.061140167364007014,-0.04576359832641029,-0.1571129707113381
0.06451882845186317,-0.03326359832641006,-0.1471129707113379
0.06951882845186312,-0.020763598326410178,-0.137112970711338
0.07451882845186308,-0.008263598326410299,-0.12711297071133806
0.07741631799162209,0.004236401673589582,-0.11711297071133818
0.07991631799162206,0.01673640167358946,-0.10711297071133827
0.08324267782424784,0.02675732217571197,-0.09959205020921576
0.08824267782424779,0.03175732217571192,-0.09709205020921578
0.09324267782424775,0.03675732217571187,-0.09459205020921581
0.09414225941422645,0.03970711297070129,-0.09414225941422645
0.09414225941422645,0.042207112970701385,-0.09414225941422645
0.09414225941422645,0.046255230125492944,-0.0933682008368307
0.09414225941422645,0.05375523012549287,-0.09086820083683073
0.09414225941422645,0.06125523012549279,-0.08836820083683075
0.09414225941422645,0.06076359832637037,-0.08786610878661136
0.09414225941422645,0.058263598326370396,-0.08786610878661136
0.09486401673639189,0.05720711297070131,-0.08786610878661136
0.09736401673639186,0.05970711297070128,-0.08786610878661136
0.09986401673639184,0.06220711297070126,-0.08786610878661136
0.10236401673639191,0.06470711297070132,-0.08397489539751063
0.104864016736392,0.06720711297070141,-0.07897489539751046
0.10669456066945664,0.06903765690376606,-0.07598326359831656
0.10669456066945664,0.06903765690376606,-0.07848326359831653
0.10669456066945664,0.06903765690376606,-0.08098326359831651
0.10669456066945664,0.06903765690376606,-0.08537656903763673
0.10669456066945664,0.06903765690376606,-0.09037656903763669
0.10731171548116174,0.06842050209206096,-0.09475941422593155
0.10981171548116171,0.06592050209206099,-0.09725941422593153
0.11231171548116169,0.06342050209206102,-0.0997594142259315
0.11297071129707173,0.06092050209206095,-0.10041841004184154
0.11297071129707173,0.058420502092060865,-0.10041841004184154
0.11297071129707173,0.05592050209206081,-0.10154811715479166
0.11297071129707173,0.05342050209206083,-0.10654811715479161
0.11297071129707173,0.05092050209206086,-0.11154811715479156
0.11475941422593162,0.048420502092060884,-0.11475941422593162
0.1172594142259316,0.04592050209206091,-0.1172594142259316
0.11975941422593159,0.04393305439330568,-0.11975941422593159
0.12225941422593155,0.04393305439330568,-0.12225941422593155
0.12475941422593152,0.04393305439330568,-0.12475941422593152
0.12725941422593157,0.04566945606693533,-0.12552301255230192
0.12975941422593165,0.048169456066935415,-0.12552301255230192
0.13225941422593174,0.05020920502092077,-0.12644351464433135
0.1347594142259317,0.05020920502092077,-0.1314435146443313
0.1372594142259317,0.05020920502092077,-0.13644351464433124
0.1363912133891326,0.05020920502092077,-0.13807531380753213
0.1338912133891326,0.05020920502092077,-0.13807531380753213
0.13179916317991702,0.05020920502092077,-0.13807531380753213
0.13179916317991702,0.05020920502092077,-0.13807531380753213
0.13179916317991702,0.05020920502092077,-0.13807531380753213
0.13179916317991702,0.05020920502092077,-0.13481171548119367
0.13179916317991702,0.05020920502092077,-0.12981171548119372
0.1321548117154711,0.05020920502092077,-0.12552301255230192
0.13465481171547122,0.05020920502092077,-0.12552301255230192
0.1371548117154713,0.05020920502092077,-0.12552301255230192
0.13807531380753213,0.05020920502092077,-0.1286820083681803
0.13807531380753213,0.05020920502092077,-0.13368200836818026
0.13837866108785618,0.05051255230124482,-0.13777196652720808
0.14087866108785616,0.0530125523012448,-0.1352719665272081
0.1433786610878561,0.05551255230124477,-0.13277196652720813
0.1443514644351472,0.05953974895395363,-0.13027196652720813
0.1443514644351472,0.06453974895395358,-0.12777196652720815
0.14460251046024095,0.06928870292885982,-0.12552301255230192
0.14710251046024103,0.0717887029288599,-0.12552301255230192
0.14960251046024114,0.07428870292885999,-0.12552301255230192
0.15062761506276232,0.07678870292886,-0.12552301255230192
0.15062761506276232,0.07928870292885998,-0.12552301255230192
0.15082635983262602,0.08158995815899625,-0.12532426778243821
0.153326359832626,0.08158995815899625,-0.12282426778243825
0.15582635983262597,0.08158995815899625,-0.12032426778243828
0.15690376569037742,0.08443514644349331,-0.1178242677824383
0.15690376569037742,0.08943514644349326,-0.11532426778243832
0.1570502092050108,0.09428870292885984,-0.11297071129707173
0.1595502092050109,0.09678870292885992,-0.11297071129707173
0.16205020920501098,0.09928870292886001,-0.11297071129707173
0.1631799163179925,0.10041841004184154,-0.11297071129707173
0.1631799163179925,0.10041841004184154,-0.11297071129707173
0.16327405857739585,0.1005125523012449,-0.11287656903766838
0.16577405857739583,0.10301255230124487,-0.1103765690376684
0.16827405857739552,0.10551255230124457,-0.10787656903766871
0.1694560669456076,0.10801255230124454,-0.10537656903766873
0.1694560669456076,0.11051255230124452,-0.10287656903766876
0.1694560669456076,0.11297071129707173,-0.10041841004184154
0.1694560669456076,0.11297071129707173,-0.10041841004184154
0.1694560669456076,0.11297071129707173,-0.10041841004184154
0.1707217573221655,0.11676778242674533,-0.09915271966528368
0.17322175732216546,0.12426778242674527,-0.0966527196652837
0.17572175732216544,0.1317677824267452,-0.09415271966528373
0.1807112970711081,0.13428870292885972,-0.09165271966528375
0.18571129707110806,0.1367887029288597,-0.08915271966528378
0.18707112970712533,0.13928870292885967,-0.08786610878661136
0.18457112970712536,0.14178870292885964,-0.08786610878661136
0.18207112970712538,0.14428870292885962,-0.08786610878661136
0.1820083682008378,0.1467887029288597,-0.08542887029289886
0.1820083682008378,0.1492887029288598,-0.08292887029289876
0.1820083682008378,0.15178870292885985,-0.08042887029289873
0.1820083682008378,0.15428870292885982,-0.07792887029289876
0.1820083682008378,0.1567887029288598,-0.07542887029289878
0.18439330543932014,0.15928870292885977,-0.07292887029289881
0.18689330543932012,0.16178870292885975,-0.07042887029289883
0.1893933054393201,0.16428870292885972,-0.06792887029289886
0.19189330543932007,0.1667887029288597,-0.06542887029289887
0.19439330543932004,0.16928870292885967,-0.0629288702928989
0.19456066945606798,0.17178870292885964,-0.06276150627615096
0.19456066945606798,0.17428870292885962,-0.06276150627615096
0.19456066945606798,0.1778451882844966,-0.06064853556487708
0.19456066945606798,0.18284518828449675,-0.05564853556487691
0.19456066945606798,0.18784518828449692,-0.05064853556487674
0.19456066945606798,0.1928451882844969,-0.05020920502092077
0.19456066945606798,0.19784518828449685,-0.05020920502092077
0.19456066945606798,0.20184100418408996,-0.047196652719700194
0.19456066945606798,0.20434100418408993,-0.03969665271970027
0.19456066945606798,0.2068410041840899,-0.03219665271970033
0.1901046025104846,0.2071129707112982,-0.02915271966528379
0.18510460251048466,0.2071129707112982,-0.026652719665283816
0.1820083682008378,0.2061610878661216,-0.0241527196652838
0.1820083682008378,0.20366108786612153,-0.02165271966528371
0.1820083682008378,0.2011610878661214,-0.019152719665283625
0.1776569037657145,0.20301255230124474,-0.01882845188284529
0.17265690376571455,0.2055125523012447,-0.01882845188284529
0.1685564853556611,0.20621338912135168,-0.01792887029289878
0.16605648535566112,0.2037133891213517,-0.015428870292898803
0.16355648535566114,0.20121338912135173,-0.012928870292898829
0.15680962343099847,0.19658995815902042,-0.012552301255230193
0.14930962343099854,0.19158995815902047,-0.012552301255230193
0.14350418410043098,0.18658995815902044,-0.012552301255230193
0.1410041841004309,0.18158995815902026,-0.012552301255230193
0.1385041841004308,0.1765899581590201,-0.012552301255230193
0.1339330543933295,0.1695188284519188,-0.012552301255230193
0.12893305439332955,0.16201882845191887,-0.012552301255230193
0.12313807531384344,0.15451882845191894,-0.012552301255230193
0.11563807531384351,0.14701882845191902,-0.012552301255230193
0.10813807531384359,0.1395188284519191,-0.012552301255230193
0.10265690376571465,0.13403765690379013,-0.014571129707101185
0.0976569037657147,0.12903765690379018,-0.01707112970710116
0.09191422594145882,0.12329497907953428,-0.01957112970710117
0.08441422594145855,0.11579497907953402,-0.022071129707101254
0.07691422594145829,0.10829497907953377,-0.024571129707101343
0.07138075313809925,0.09882845188289281,-0.025104602510460386
0.06638075313809928,0.0888284518828929,-0.025104602510460386
0.061380753138099334,0.08089958158997045,-0.025794979079486198
0.056380753138099385,0.07839958158997047,-0.028294979079486172
0.051380753138099436,0.07589958158997048,-0.030794979079486147
0.04829497907951013,0.07148535564855987,-0.03138075313807548
0.045794979079510155,0.06648535564855991,-0.03138075313807548
0.04265690376571463,0.061485355648559906,-0.032018828451871005
0.03765690376571445,0.056485355648559735,-0.0345188284518711
0.03265690376571427,0.051485355648559564,-0.03701882845187118
0.03138075313807548,0.04648535564855956,-0.033933054393329366
0.03138075313807548,0.0414853556485596,-0.02893305439332941
0.030209205020944555,0.03707112970712512,-0.025690376569025848
0.025209205020944602,0.034571129707125135,-0.028190376569025823
0.020209205020944653,0.03207112970712516,-0.030690376569025797
0.017018828451894993,0.029571129707125186,-0.03319037656902577
0.014518828451895019,0.027071129707125212,-0.03569037656902575
0.012018828451895043,0.024571129707125237,-0.03819037656902573
0.009518828451895067,0.02207112970712526,-0.04069037656902571
0.007018828451895091,0.019571129707125285,-0.04319037656902568
0.0062761506276150965,0.015313807531405172,-0.045690376569025734
0.0062761506276150965,0.010313807531404998,-0.04819037656902582
0.0062761506276150965,0.005794979079509982,-0.05020920502092077
0.0062761506276150965,0.003294979079510006,-0.05020920502092077
0.0062761506276150965,0.00079497907951003,-0.05020920502092077
0.00457112970712515,0.0,-0.05020920502092077
0.002071129707125175,0.0,-0.05020920502092077
0.0,0.0008577405857496022,-0.04978033472804597
0.0,0.005857740585749554,-0.047280334728046
0.0,0.010857740585749506,-0.044780334728046024
0.0,0.012552301255230193,-0.04393305439330568
0.0,0.012552301255230193,-0.04393305439330568
0.0,0.012175732217585427,-0.04393305439330568
0.0,0.009675732217585453,-0.04393305439330568
0.0,0.0071757322175854754,-0.04393305439330568
0.0,0.0062761506276150965,-0.04393305439330568
0.0,0.0062761506276150965,-0.04393305439330568
0.0,0.005951882845200644,-0.04425732217572013
0.0,0.003451882845200668,-0.04675732217572011
0.0,0.0009518828452006918,-0.049257322175720084
0.0,0.0,-0.05020920502092077
0.0,0.0,-0.05020920502092077
0.0,0.0,-0.05020920502092077
0.0,0.0,-0.05020920502092077
0.0,0.0,-0.05020920502092077
0.0,0.0,-0.05020920502092077
0.0,0.0,-0.05020920502092077
0.0,0.0,-0.05020920502092077
0.0,0.0,-0.05020920502092077
0.0,0.0,-0.05020920502092077
0.0,0.0,-0.05020920502092077
0.0,0.0,-0.05020920502092077
0.000167364016724068,-0.000167364016724068,-0.05037656903764484
0.0026673640167240442,-0.0026673640167240442,-0.052876569037644816
0.00516736401672402,-0.00516736401672402,-0.05537656903764479
0.0062761506276150965,-0.0062761506276150965,-0.056485355648535865
0.0062761506276150965,-0.0062761506276150965,-0.056485355648535865
0.0062761506276150965,-0.0062761506276150965,-0.05660041841002962
0.0062761506276150965,-0.0062761506276150965,-0.059100418410029595
0.0062761506276150965,-0.0062761506276150965,-0.06160041841002957
0.0062761506276150965,-0.004937238493736451,-0.061422594142272316
0.0062761506276150965,-0.0024372384937363643,-0.05892259414227223
0.0062761506276150965,0.0,-0.056422594142272145
0.0062761506276150965,0.0,-0.05392259414227217
0.0062761506276150965,0.0,-0.051422594142272196
0.0062761506276150965,0.0,-0.05020920502092077
0.0062761506276150965,0.0,-0.05020920502092077
0.0062761506276150965,0.0,-0.05020920502092077
0.0062761506276150965,0.0,-0.05020920502092077
0.0062761506276150965,0.0,-0.05020920502092077
0.0062761506276150965,0.0,-0.05020920502092077
0.0062761506276150965,0.0,-0.05020920502092077
0.0062761506276150965,0.0,-0.05020920502092077
0.0062761506276150965,0.0,-0.05266736401672384
0.0062761506276150965,0.0,-0.05516736401672381
0.0062761506276150965,0.0,-0.05766736401672379
0.0062761506276150965,0.0,-0.06016736401672376
0.0062761506276150965,0.0,-0.06266736401672374
0.0062761506276150965,0.004811715481145512,-0.060355648535578205
0.0062761506276150965,0.009811715481145464,-0.05785564853557823
0.0062761506276150965,0.011422594142272582,-0.05422594142262065
0.0062761506276150965,0.008922594142272606,-0.0492259414226207
0.0062761506276150965,0.00642259414227263,-0.04422594142262075
0.008629707112957644,0.008629707112957644,-0.04157949790796313
0.011129707112957729,0.011129707112957729,-0.03907949790796304
0.012552301255230193,0.012552301255230193,-0.03873430962341815
0.012552301255230193,0.012552301255230193,-0.04123430962341813
0.012552301255230193,0.012552301255230193,-0.04373430962341811
0.012552301255230193,0.0148535564853426,-0.04393305439330568
0.012552301255230193,0.017353556485342578,-0.04393305439330568
0.012552301255230193,0.017803347280348027,-0.04495815899580294
0.012552301255230193,0.01530334728034805,-0.04745815899580291
0.012552301255230193,0.012803347280348074,-0.04995815899580289
0.012552301255230193,0.010303347280348,-0.052458158995802966
0.012552301255230193,0.007803347280347913,-0.05495815899580305
0.012552301255230193,0.004330543933080643,-0.056485355648535865
0.012552301255230193,-0.0006694560669193092,-0.056485355648535865
0.012552301255230193,-0.005669456066919262,-0.056485355648535865
0.012552301255230193,-0.004079497907963038,-0.05868200836818792
0.012552301255230193,-0.0015794979079630624,-0.06118200836818789
0.012552301255230193,0.0,-0.06276150627615096
0.012552301255230193,0.0,-0.06276150627615096
0.012552301255230193,0.0,-0.06276150627615096
0.010407949790808353,-0.00214435146442184,-0.06276150627615096
0.007907949790808267,-0.004644351464421927,-0.06276150627615096
0.0062761506276150965,-0.007144351464421975,-0.06276150627615096
0.0062761506276150965,-0.009644351464421951,-0.06276150627615096
0.0062761506276150965,-0.012144351464421926,-0.06276150627615096
0.008368200836806805,-0.010460251046038484,-0.06276150627615096
0.01086820083680706,-0.00796025104603823,-0.06276150627615096
0.012552301255230193,-0.005460251046038495,-0.06276150627615096
0.012552301255230193,-0.0029602510460381313,-0.06276150627615096
0.012552301255230193,-0.0004602510460383225,-0.06276150627615096
0.012552301255230193,-0.0020397489539618614,-0.06480125523011282
0.012552301255230193,-0.0045397489539614495,-0.06730125523011242
0.012552301255230193,-0.00703974895396166,-0.06980125523011263
0.012552301255230193,-0.00953974895396147,-0.07230125523011244
0.012552301255230193,-0.012039748953961833,-0.0748012552301128
0.012552301255230193,-0.012552301255230193,-0.07531380753138116
0.012552301255230193,-0.012552301255230193,-0.07531380753138116
0.012552301255230193,-0.012552301255230193,-0.07531380753138116
0.012552301255230193,-0.012552301255230193,-0.07531380753138116
0.012552301255230193,-0.012552301255230193,-0.07531380753138116
0.012552301255230193,-0.012552301255230193,-0.07531380753138116
0.012552301255230193,-0.012552301255230193,-0.07531380753138116
0.012552301255230193,-0.012552301255230193,-0.07531380753138116
0.012552301255230193,-0.012552301255230193,-0.07531380753138116
0.012552301255230193,-0.012552301255230193,-0.07531380753138116
0.012552301255230193,-0.010669456066959375,-0.07343096234311033
0.012552301255230193,-0.00816945606695901,-0.07093096234310997
0.012552301255230193,-0.005669456066959202,-0.06843096234311016
0.012552301255230193,-0.003169456066958838,-0.0659309623431098
0.012552301255230193,-0.0006694560669590292,-0.06343096234310999
0.012552301255230193,-0.0018305439330406179,-0.06276150627615096
0.012552301255230193,-0.004330543933040761,-0.06276150627615096
0.012552301255230193,-0.006830543933040398,-0.06331589958157625
0.012552301255230193,-0.009330543933040763,-0.06581589958157663
0.012552301255230193,-0.01183054393304057,-0.06831589958157644
0.012552301255230193,-0.012552301255230193,-0.06725941422595548
0.012552301255230193,-0.012552301255230193,-0.06475941422595588
0.012552301255230193,-0.012552301255230193,-0.06276150627615096
0.012552301255230193,-0.012552301255230193,-0.06276150627615096
0.012552301255230193,-0.012552301255230193,-0.06276150627615096
0.012552301255230193,-0.012552301255230193,-0.0644874476987311
0.012552301255230193,-0.012552301255230193,-0.06698744769873148
0.012552301255230193,-0.012552301255230193,-0.06903765690376606
0.012552301255230193,-0.012552301255230193,-0.06903765690376606
0.012552301255230193,-0.012552301255230193,-0.06903765690376606
0.012552301255230193,-0.012552301255230193,-0.06736401673641595
0.012552301255230193,-0.012552301255230193,-0.06486401673641613
0.012552301255230193,-0.012552301255230193,-0.06315899581588615
0.012552301255230193,-0.012552301255230193,-0.06565899581588595
0.012552301255230193,-0.012552301255230193,-0.06815899581588633
0.010930962343110263,-0.014173640167350123,-0.070658995815886
0.00843096234311012,-0.016673640167350266,-0.07315899581588614
0.0062761506276150965,-0.019173640167349883,-0.07531380753138116
0.0062761506276150965,-0.02167364016735025,-0.07531380753138116
0.0062761506276150965,-0.024173640167350057,-0.07531380753138116
0.007845188284504992,-0.02353556485357049,-0.07531380753138116
0.010345188284504581,-0.0210355648535709,-0.07531380753138116
0.012552301255230193,-0.018535564853570732,-0.07531380753138116
0.012552301255230193,-0.016035564853570924,-0.07531380753138116
0.012552301255230193,-0.01353556485357056,-0.07531380753138116
0.012552301255230193,-0.012552301255230193,-0.07531380753138116
0.012552301255230193,-0.012552301255230193,-0.07531380753138116
0.01279288702927469,-0.012311715481185696,-0.07507322175733666
0.015292887029274834,-0.009811715481185552,-0.07257322175733652
0.01779288702927442,-0.007311715481185965,-0.07007322175733693
0.01882845188284529,-0.003347280334756288,-0.06757322175733665
0.01882845188284529,0.0016527196652433296,-0.06507322175733685
0.01901673640165977,0.006464435146429577,-0.06257322175733648
0.02151673640165958,0.008964435146429386,-0.06007322175733667
0.024016736401659945,0.01146443514642975,-0.057573221757336306
0.026516736401659628,0.01820083682002716,-0.052248953974938145
0.02901673640165977,0.02820083682002773,-0.044748953974937715
0.03151673640165937,0.03779288702927447,-0.03765690376569058
0.03401673640165973,0.04029288702927483,-0.03765690376569058
0.03651673640165954,0.04279288702927464,-0.03765690376569058
0.039016736401659785,0.04665271966524409,-0.03765690376569058
0.04151673640165938,0.05165271966524326,-0.03765690376569058
0.044016736401659526,0.056485355648535865,-0.037740585774044426
0.046516736401659334,0.056485355648535865,-0.04024058577404424
0.0490167364016597,0.056485355648535865,-0.042740585774044604
0.05020920502092077,0.0538702928870584,-0.04524058577404441
0.05020920502092077,0.04887029288705767,-0.047740585774044775
0.05020920502092077,0.04396443514642949,-0.05017782426779696
0.05020920502092077,0.04646443514642963,-0.04767782426779682
0.05020920502092077,0.04896443514642922,-0.045177824267797234
0.05146443514642947,0.052719665271938165,-0.04393305439330568
0.053964435146429277,0.05771966527193778,-0.04393305439330568
0.05646443514642964,0.06271966527193851,-0.04393305439330568
0.058964435146429225,0.06771966527193769,-0.03897489539751895
0.061464435146429366,0.07271966527193797,-0.03397489539751866
0.06516736401670717,0.07771966527193737,-0.032583682008353584
0.0701673640167079,0.0827196652719381,-0.03508368200835395
0.07516736401670752,0.08771966527193772,-0.03758368200835376
0.0777405857740447,0.08301255230128426,-0.040083682008354125
0.08024058577404451,0.07801255230128465,-0.04258368200835393
0.08158995815899625,0.07301255230128412,-0.04738493723845123
0.08158995815899625,0.06801255230128495,-0.05488493723845
0.08158995815899625,0.06301255230128465,-0.06238493723845042
0.08158995815899625,0.05326359832641915,-0.06988493723844981
0.08158995815899625,0.0432635983264177,-0.07738493723845091
0.0793933054393602,0.03655857740587255,-0.08268828451881428
0.07439330543935947,0.03405857740587218,-0.08518828451881465
0.06939330543935986,0.031558577405872375,-0.08768828451881447
0.06903765690376606,0.026736401673668954,-0.09018828451881462
0.06903765690376606,0.02173640167366978,-0.09268828451881421
0.06589958159000209,0.0177824267782573,-0.09414225941422645
0.058399581590002664,0.01528242677825749,-0.09414225941422645
0.050899581590001575,0.012782426778257125,-0.09414225941422645
0.0479393305439481,0.012552301255230193,-0.0896025104602811
0.045439330543947956,0.012552301255230193,-0.0846025104602808
0.04293933054394828,0.011558577405872796,-0.08059623430963886
0.04043933054394792,0.009058577405872431,-0.0780962343096385
0.0379393305439481,0.006558577405872622,-0.07559623430963869
0.0332217573222049,0.004058577405872258,-0.07531380753138116
0.028221757322205283,0.0015585774058724487,-0.07531380753138116
0.024163179916332555,-0.0009414225941278316,-0.07531380753138116
0.021663179916332966,-0.0034414225941274195,-0.07531380753138116
0.019163179916332825,-0.005941422594127562,-0.07531380753138116
0.016663179916333044,-0.010606694560639587,-0.0774790794978934
0.01416317991633268,-0.015606694560640316,-0.07997907949789376
0.011663179916332872,-0.019717573221742613,-0.08158995815899625
0.009163179916332507,-0.022217573221742976,-0.08158995815899625
0.006663179916332698,-0.024717573221742783,-0.08158995815899625
0.0062761506276150965,-0.029330543933025536,-0.08370292887027883
0.0062761506276150965,-0.03433054393302471,-0.08620292887027842
0.005439330543947813,-0.03765690376569058,-0.08786610878661136
0.0029393305439480034,-0.03765690376569058,-0.08786610878661136
0.00043933054394763946,-0.03765690376569058,-0.08786610878661136
0.0,-0.03971757322174257,-0.08992677824266335
0.0,-0.04221757322174271,-0.09242677824266349
0.0,-0.04393305439330568,-0.09492677824266314
0.0,-0.04393305439330568,-0.0974267782426635
0.0,-0.04393305439330568,-0.09992677824266331
0.0,-0.04594142259412781,-0.10041841004184154
0.0,-0.04844142259412762,-0.10041841004184154
0.0,-0.05020920502092077,-0.10041841004184154
0.0,-0.05020920502092077,-0.10041841004184154
0.0,-0.05020920502092077,-0.10041841004184154
0.0,-0.05216527196651231,-0.10237447698743309
0.0,-0.05466527196651267,-0.10487447698743345
0.0,-0.05716527196651242,-0.10669456066945664
0.0,-0.05966527196651256,-0.10669456066945664
0.0,-0.06216527196651215,-0.10669456066945664
0.0,-0.06276150627615096,-0.10859832635981814
0.0,-0.06276150627615096,-0.11109832635981795
0.0,-0.06213389121340438,-0.11171548117157858
0.0,-0.05963389121340457,-0.10671548117157896
0.0,-0.05713389121340421,-0.10171548117157823
0.0,-0.05463389121340457,-0.10041841004184154
0.0,-0.05213389121340443,-0.10041841004184154
0.0,-0.05078451882843676,-0.10099372384935752
0.0,-0.05328451882843712,-0.10349372384935789
0.0,-0.05578451882843693,-0.1059937238493577
0.0,-0.05468619246863444,-0.10489539748955522
0.0,-0.05218619246863463,-0.10239539748955541
0.0,-0.05073221757320723,-0.10041841004184154
0.0,-0.053232217573206814,-0.10041841004184154
0.0,-0.055732217573206955,-0.10041841004184154
0.0,-0.05997907949787753,-0.10216527196651237
0.0,-0.06497907949787715,-0.10466527196651218
0.0,-0.06903765690376606,-0.10763598326356837
0.0,-0.06903765690376606,-0.11263598326356755
0.0,-0.06903765690376606,-0.11763598326356783
0.0,-0.0707322175732063,-0.11924686192468684
0.0,-0.07323221757320666,-0.11924686192468684
0.0,-0.07447698744773053,-0.11882845188286152
0.0,-0.0694769874477298,-0.11632845188286116
0.0,-0.06447698744773017,-0.11382845188286134
0.0,-0.06440376569036158,-0.11297071129707173
0.0,-0.06690376569036116,-0.11297071129707173
0.0,-0.06867154811717079,-0.11297071129707173
0.0,-0.06617154811717098,-0.11297071129707173
0.0,-0.0636715481171706,-0.11297071129707173
-0.0031799163179603257,-0.06276150627615096,-0.1097907949791114
-0.008179916317961054,-0.06276150627615096,-0.10479079497911067
-0.013493723849325828,-0.062133891213420535,-0.09884937238501548
-0.020993723849326254,-0.05713389121342025,-0.08634937238501478
-0.02849372384932502,-0.052133891213421074,-0.07384937238501683
-0.03753138075307598,-0.051746861924670894,-0.06288702928876556
-0.04753138075307521,-0.0542468619246707,-0.05288702928876633
-0.05700836820080622,-0.05596234309626551,-0.042625523012629785
-0.0620083682008054,-0.050962343096266335,-0.030125523012631845
-0.06700836820080569,-0.04596234309626605,-0.01762552301263113
-0.08686192468600044,-0.04096234309626661,-0.006610878661152065
-0.11686192468600481,-0.03596234309626588,0.0033891213388493914
-0.1416317991633873,-0.030962343096266262,0.012343096234325585
-0.10913179916338256,-0.025962343096265536,0.00984309623432522
-0.07663179916338506,-0.02096234309626592,0.007343096234325411
-0.0785251046023401,-0.0130962343096856,-0.006621338911994205
-0.10602510460233558,-0.003096234309687248,-0.02912133891199049
-0.12567991631860878,0.006903765690313379,-0.05224895397469019
-0.02817991631861623,0.016903765690312614,-0.08474895397468771
0.06932008368139797,0.02690376569031407,-0.11724895397469244
0.13644351464408042,0.034142259414194145,-0.15251046025080703
0.17894351464408284,0.039142259414194434,-0.19001046025080917
0.22092050209185612,0.04393305439330568,-0.22751046025080313
0.25092050209186045,0.04393305439330568,-0.2650104602508086
0.28092050209185815,0.04393305439330568,-0.3025104602508057
0.33217573221713326,0.03596234309632917,-0.33735355648515236
0.4021757322171279,0.020962343096330313,-0.3698535564851499
0.47071129707113224,0.006066945606757136,-0.4021443514642966
0.47071129707113224,-0.003933054393241216,-0.42464435146429286
0.47071129707113224,-0.013933054393241787,-0.44714435146429415
0.4375313807535628,-0.02903765690363589,-0.4568828451883032
0.3725313807535533,-0.0490376569036388,-0.45438284518830285
0.3075313807535583,-0.06903765690363728,-0.451882845188303
0.2875313807532656,-0.09403765690360873,-0.4468828451883184
0.2675313807532671,-0.11903765690360682,-0.4418828451883188
0.24263598326378813,-0.13669456066939395,-0.42831589958173366
0.21263598326379307,-0.14669456066939232,-0.40581589958173736
0.18263598326379138,-0.15669456066939288,-0.3833158995817361
0.15508368200854739,-0.16669456066939212,-0.35592050209223053
0.1275836820085434,-0.17669456066939357,-0.3284205020922265
0.10594142259423986,-0.17849372384942186,-0.30794979079506163
0.090941422594239,-0.17099372384942144,-0.2954497907950609
0.07594142259424147,-0.16349372384942265,-0.282949790795063
0.06812761506281025,-0.15838912133894523,-0.2728451882845848
0.06062761506281082,-0.1533891213389456,-0.2628451882845856
0.055366108786627156,-0.14167364016749262,-0.24836820083694924
0.05286610878662735,-0.12167364016749416,-0.22836820083695078
0.050366108786626985,-0.10167364016749124,-0.2083682008369479
0.05255230125521416,-0.0863598326360812,-0.19539748953983124
0.055052301255214306,-0.07135983263608034,-0.18289748953983054
0.05755230125521398,-0.060627615062794724,-0.17359832635986647
0.060052301255214345,-0.055627615062794,-0.16859832635986574
0.06255230125521416,-0.05062761506279438,-0.16359832635986613
0.06963389121334164,-0.04104602510466654,-0.15630753138080183
0.07713389121334106,-0.0310460251046673,-0.14880753138080238
0.08158995815899625,-0.023075313807563294,-0.14333682008369866
0.08158995815899625,-0.01807531380756412,-0.14083682008369908
0.08158995815899625,-0.013075313807563832,-0.13833682008369894
0.08158995815899625,-0.010313807531397226,-0.13807531380753213
0.08158995815899625,-0.007813807531396863,-0.13807531380753213
0.08158995815899625,-0.005313807531397139,-0.13807531380753213
0.08158995815899625,-0.002813807531396996,-0.13807531380753213
0.08158995815899625,-0.000313807531397408,-0.13807531380753213
0.08377615062759919,-0.002186192468602928,-0.14026150627613504
0.086276150627599,-0.004686192468602737,-0.14276150627613485
0.07512552301277929,-0.0062761506276150965,-0.13616108786625516
0.040125523012781966,-0.0062761506276150965,-0.1136610878662569
0.00512552301277687,-0.0062761506276150965,-0.09116108786625363
